Name,Value,Uom,facilityName,facilityId,StoredAt,StateAbbreviation
Outflow,1459,cfs,Fife Brook,426f11f0-00c7-11ec-9351-dd66b05aaa5c,2025-03-30T06:15:24.000Z,MA
Headwater Elevation Outside,2458.64,Feet,Deep Creek,b277e810-00c6-11ec-9351-dd66b05aaa5c,2025-03-30T06:18:38.307Z,MD
Number of Turbines Generating,0,,Deep Creek,b277e810-00c6-11ec-9351-dd66b05aaa5c,2025-03-30T06:14:01.000Z,MD
Lake Outflow,935,cfs,Brassua,6bd19f60-00c5-11ec-9351-dd66b05aaa5c,2025-03-30T06:18:51.963Z,ME
USGS Flow,452,cfs,Canada Falls Lake,cbde65f0-00c5-11ec-9351-dd66b05aaa5c,2025-03-30T06:15:43.000Z,ME
Caucomgomoc Lake Gate Total Flow,1252,cfs,Caucomgomoc Lake,17d1c1f0-00c6-11ec-9351-dd66b05aaa5c,2025-03-30T06:00:00.000Z,ME
Total Flow,2092,cfs,Dolby,ebddf7c0-00c6-11ec-9351-dd66b05aaa5c,2025-03-30T06:15:24.000Z,ME
Dead River Flow From Flagstaff Lake.,1290,cfs,Flagstaff,6b4b9490-00c7-11ec-9351-dd66b05aaa5c,2025-03-30T06:15:43.000Z,ME
Lake Level for Flagstaff Lake.,1140.36,ft,Flagstaff,6b4b9490-00c7-11ec-9351-dd66b05aaa5c,2025-03-30T06:18:55.921Z,ME
Headwater Elevation,953.23,ft,Harris (Indian Pond),f50b1980-00c7-11ec-9351-dd66b05aaa5c,2025-03-30T06:18:51.965Z,ME
Station Flow Total,499,cfs,Harris (Indian Pond),f50b1980-00c7-11ec-9351-dd66b05aaa5c,2025-03-30T06:15:08.000Z,ME
Total Flow,1792,cfs,Mckay / Ripogenus,4673dbe0-00c8-11ec-9351-dd66b05aaa5c,2025-03-30T06:15:24.000Z,ME
Millinocket Lake Level,477.44,ft,Millinocket Lake,8d57e650-00c8-11ec-9351-dd66b05aaa5c,2025-03-30T06:18:51.963Z,ME
Total flow,70,cfs,Millinocket Lake,8d57e650-00c8-11ec-9351-dd66b05aaa5c,2025-03-30T06:01:36.000Z,ME
East Outlet Gate Flow Total,1020,cfs,Moosehead - East & West Outlet,a4d27d40-00c8-11ec-9351-dd66b05aaa5c,2025-03-30T06:00:00.000Z,ME
Satellite Remote Pond Elevation for Moosehead Lake East Outlet,1027.07,ft,Moosehead - East & West Outlet,a4d27d40-00c8-11ec-9351-dd66b05aaa5c,2025-03-30T06:01:00.000Z,ME
Headwater Elevation,489.13,ft,North Twin,c7319f60-00c8-11ec-9351-dd66b05aaa5c,2025-03-30T06:18:59.987Z,ME
Total Flow,2107,cfs,North Twin,c7319f60-00c8-11ec-9351-dd66b05aaa5c,2025-03-30T06:15:12.000Z,ME
Ragged Lake Gate Flow Total,67,cfs,Ragged Lake,ff0889f0-00d0-11ec-9351-dd66b05aaa5c,2025-03-30T06:00:00.000Z,ME
Total Flow,1814,CFS,Seboomook Lake,8e6373d0-00d1-11ec-9351-dd66b05aaa5c,2025-03-30T06:01:08.000Z,ME
Headwater Elevation,319.02,ft,Williams,3b9363d0-00d2-11ec-9351-dd66b05aaa5c,2025-03-30T06:18:51.843Z,ME
Station Flow Total,3509,cfs,Williams,3b9363d0-00d2-11ec-9351-dd66b05aaa5c,2025-03-30T06:15:08.000Z,ME
Headwater Elevation,482.68,ft,Wyman,523ca100-00d2-11ec-9351-dd66b05aaa5c,2025-03-30T06:18:53.970Z,ME
Station Flow Total,3204,cfs,Wyman,523ca100-00d2-11ec-9351-dd66b05aaa5c,2025-03-30T06:15:08.000Z,ME
Flow,132,cfs,Aziscohos,2d0b10e0-00c5-11ec-9351-dd66b05aaa5c,2025-03-30T06:00:00.000Z,NH
Satellite Remote Pond Elevation for Aziscohos,1511.81,ft,Aziscohos,2d0b10e0-00c5-11ec-9351-dd66b05aaa5c,2025-03-30T06:01:08.000Z,NH
NH USGS Flow,2080,cfs,Errol,2af20a00-00c7-11ec-9351-dd66b05aaa5c,2025-03-30T06:15:43.000Z,NH
Satellite Remote Pond Elevation for Umbagog Lake,1244.30,ft,Errol,2af20a00-00c7-11ec-9351-dd66b05aaa5c,2025-03-30T06:01:07.000Z,NH
Middle Richardson Pond Elevation,1440.40,ft,Middle Dam,5a00e4f0-00c8-11ec-9351-dd66b05aaa5c,2025-03-30T05:00:00.000Z,NH
Richardson Lake Outflow,382,cfs,Middle Dam,5a00e4f0-00c8-11ec-9351-dd66b05aaa5c,2025-03-30T06:18:51.963Z,NH
Pontook Downstream Flow,369,cfs,Pontook,fce62350-00c9-11ec-9351-dd66b05aaa5c,2025-03-30T06:18:53.970Z,NH
Rangeley Lake Outflow,100,cfs,Rangeley,1f3032a0-00d1-11ec-9351-dd66b05aaa5c,2025-03-30T06:18:51.963Z,NH
Satellite Remote Pond Elevation for Rangeley Lake,1516.56,ft,Rangeley,1f3032a0-00d1-11ec-9351-dd66b05aaa5c,2025-03-30T06:01:02.000Z,NH
Mooselookmeguntic Lake Elevation,1465.38,ft,Upper Dam,feba9b90-00d1-11ec-9351-dd66b05aaa5c,2025-03-30T06:00:00.000Z,NH
Mooselookmeguntic Lake Outflow,500,cfs,Upper Dam,feba9b90-00d1-11ec-9351-dd66b05aaa5c,2025-03-30T06:18:51.963Z,NH
Total Flow,4600,cfs,Beebee Island,4f811660-00c5-11ec-9351-dd66b05aaa5c,2025-03-30T06:15:28.000Z,NY
Water Elevation,0.82,FT,Moshier/Beaver Lake,9d3a2870-2dce-11ec-b8a8-fdece8709dda,2025-03-30T06:18:37.136Z,NY
Generation Schedule,0.00,,Calderwood,888bbfa0-00c5-11ec-9351-dd66b05aaa5c,2025-03-29T03:00:00.000Z,TN
Lake Elevation,1085.94,ft,Calderwood,888bbfa0-00c5-11ec-9351-dd66b05aaa5c,2022-08-04T13:01:25.110000Z,TN
Discharge into Little Tennessee River,0,cfs,Cheoah,4c60a710-00c6-11ec-9351-dd66b05aaa5c,2025-03-30T06:00:00.000Z,TN
Lake Elevation,1274.73,ft,Cheoah,4c60a710-00c6-11ec-9351-dd66b05aaa5c,2025-03-30T06:18:57.977Z,TN
Generation Schedule,0.00,,Chilhowee,6d72fde0-00c6-11ec-9351-dd66b05aaa5c,2025-03-29T03:00:00.000Z,TN
Lake Elevation,873.37,ft,Chilhowee,6d72fde0-00c6-11ec-9351-dd66b05aaa5c,2025-03-30T06:18:51.843Z,TN
Feet Below Full Pool,-3.60,ft,Santeetlah,5131b620-00d1-11ec-9351-dd66b05aaa5c,2025-03-30T06:18:53.970Z,TN
Lake Elevation,1937.30,ft,Santeetlah,5131b620-00d1-11ec-9351-dd66b05aaa5c,2025-03-30T06:18:53.970Z,TN
Current flow in the bypass reach,2681,cfs,Hawks Nest,0be292a0-00c8-11ec-9351-dd66b05aaa5c,2025-03-30T06:15:30.000Z,
Forecast flow in Hawks Nest bypass reach (1 day),300,cfs,Hawks Nest,0be292a0-00c8-11ec-9351-dd66b05aaa5c,2025-03-30T06:01:00.000Z,
